timestamp,input_type,input,predicted,confidence,correct_category,was_correct,helpful,comment
2026-09-30T15:50:40,text,crisp packet,Paper,0.9939,Plastic,False,False,Crisp packets are plastic film
2026-09-30T15:50:47,image,realwaste\Cardboard\Cardboard_453.jpg,Cardboard,1.0,Cardboard,True,True,
2026-09-30T15:50:47,image,realwaste\Food Organics\Food Organics_228.jpg,Miscellaneous Trash,0.6272,Food Organics,False,False,
2026-09-30T15:50:47,image,realwaste\Glass\Glass_235.jpg,Glass,0.8844,Glass,True,True,
2026-09-30T15:50:47,image,realwaste\Metal\Metal_532.jpg,Metal,0.9984,Metal,True,True,
2026-09-30T15:50:47,image,realwaste\Miscellaneous Trash\Miscellaneous Trash_45.jpg,Miscellaneous Trash,0.6094,Miscellaneous Trash,True,True,
2026-09-30T15:50:47,image,realwaste\Paper\Paper_446.jpg,Paper,0.9901,Paper,True,True,
2026-09-30T15:50:47,image,realwaste\Plastic\Plastic_730.jpg,Plastic,0.9972,Plastic,True,True,
2026-09-30T15:50:47,image,realwaste\Textile Trash\Textile Trash_232.jpg,Textile Trash,1.0,Textile Trash,True,True,
2026-09-30T15:50:47,image,realwaste\Vegetation\Vegetation_45.jpg,Vegetation,1.0,Vegetation,True,True,
2026-09-30T20:54:32,text,crisp packet,Paper,0.9939,Plastic,False,False,Crisp packets are plastic film
2026-09-30T20:54:40,image,realwaste\Cardboard\Cardboard_453.jpg,Cardboard,1.0,Cardboard,True,True,
2026-09-30T20:54:40,image,realwaste\Food Organics\Food Organics_228.jpg,Miscellaneous Trash,0.6272,Food Organics,False,False,
2026-09-30T20:54:40,image,realwaste\Glass\Glass_235.jpg,Glass,0.8844,Glass,True,True,
2026-09-30T20:54:40,image,realwaste\Metal\Metal_532.jpg,Metal,0.9984,Metal,True,True,
2026-09-30T20:54:40,image,realwaste\Miscellaneous Trash\Miscellaneous Trash_45.jpg,Miscellaneous Trash,0.6094,Miscellaneous Trash,True,True,
2026-09-30T20:54:40,image,realwaste\Paper\Paper_446.jpg,Paper,0.9901,Paper,True,True,
2026-09-30T20:54:40,image,realwaste\Plastic\Plastic_730.jpg,Plastic,0.9972,Plastic,True,True,
2026-09-30T20:54:40,image,realwaste\Textile Trash\Textile Trash_232.jpg,Textile Trash,1.0,Textile Trash,True,True,
2026-09-30T20:54:40,image,realwaste\Vegetation\Vegetation_45.jpg,Vegetation,1.0,Vegetation,True,True,
2026-10-02T11:15:39,text,crisp packet,Paper,0.9939,Plastic,False,False,Crisp packets are plastic film
2026-10-02T11:15:56,image,realwaste\Cardboard\Cardboard_453.jpg,Cardboard,1.0,Cardboard,True,True,
2026-10-02T11:15:56,image,realwaste\Food Organics\Food Organics_228.jpg,Miscellaneous Trash,0.6272,Food Organics,False,False,
2026-10-02T11:15:56,image,realwaste\Glass\Glass_235.jpg,Glass,0.8844,Glass,True,True,
2026-10-02T11:15:56,image,realwaste\Metal\Metal_532.jpg,Metal,0.9984,Metal,True,True,
2026-10-02T11:15:56,image,realwaste\Miscellaneous Trash\Miscellaneous Trash_45.jpg,Miscellaneous Trash,0.6094,Miscellaneous Trash,True,True,
2026-10-02T11:15:56,image,realwaste\Paper\Paper_446.jpg,Paper,0.9901,Paper,True,True,
2026-10-02T11:15:56,image,realwaste\Plastic\Plastic_730.jpg,Plastic,0.9972,Plastic,True,True,
2026-10-02T11:15:56,image,realwaste\Textile Trash\Textile Trash_232.jpg,Textile Trash,1.0,Textile Trash,True,True,
2026-10-02T11:15:56,image,realwaste\Vegetation\Vegetation_45.jpg,Vegetation,1.0,Vegetation,True,True,
2026-10-03T01:23:24,text,crisp packet,Paper,0.9939,Plastic,False,False,Crisp packets are plastic film
2026-10-03T01:23:31,image,realwaste\Cardboard\Cardboard_453.jpg,Cardboard,1.0,Cardboard,True,True,
2026-10-03T01:23:31,image,realwaste\Food Organics\Food Organics_228.jpg,Miscellaneous Trash,0.6272,Food Organics,False,False,
2026-10-03T01:23:31,image,realwaste\Glass\Glass_235.jpg,Glass,0.8844,Glass,True,True,
2026-10-03T01:23:31,image,realwaste\Metal\Metal_532.jpg,Metal,0.9984,Metal,True,True,
2026-10-03T01:23:31,image,realwaste\Miscellaneous Trash\Miscellaneous Trash_45.jpg,Miscellaneous Trash,0.6094,Miscellaneous Trash,True,True,
2026-10-03T01:23:31,image,realwaste\Paper\Paper_446.jpg,Paper,0.9901,Paper,True,True,
2026-10-03T01:23:31,image,realwaste\Plastic\Plastic_730.jpg,Plastic,0.9972,Plastic,True,True,
2026-10-03T01:23:31,image,realwaste\Textile Trash\Textile Trash_232.jpg,Textile Trash,1.0,Textile Trash,True,True,
2026-10-03T01:23:31,image,realwaste\Vegetation\Vegetation_45.jpg,Vegetation,1.0,Vegetation,True,True,
